http://theme.wordpress.com/themes/twentyeleven/	56
http://theme.wordpress.com/themes/twentytwelve/	62
http://theme.wordpress.com/themes/chateau/	62
http://theme.wordpress.com/themes/reddle/	55
http://theme.wordpress.com/themes/wu-wei/	62
http://theme.wordpress.com/themes/twentythirteen/	55
http://theme.wordpress.com/themes/ryu/	54
http://theme.wordpress.com/themes/splendio/	64
http://theme.wordpress.com/themes/greyzed/	60
http://theme.wordpress.com/themes/linen/	52
http://theme.wordpress.com/themes/twentyfourteen/	63
http://theme.wordpress.com/themes/coraline/	54
http://theme.wordpress.com/themes/pilcrow/	63
http://theme.wordpress.com/themes/forever/	54
http://theme.wordpress.com/themes/delicious-magazine/	59
http://theme.wordpress.com/themes/gridspace/	63
http://theme.wordpress.com/themes/oxygen/	55
http://theme.wordpress.com/themes/mystique/	63
http://theme.wordpress.com/themes/profile/	64
http://theme.wordpress.com/themes/manifest/	53
http://theme.wordpress.com/themes/modularity-lite/	51
http://theme.wordpress.com/themes/koi/	60
http://theme.wordpress.com/themes/dusk-to-dawn/	63
http://theme.wordpress.com/themes/soundcheck/	61
http://theme.wordpress.com/themes/itheme2/	64
http://theme.wordpress.com/themes/photographer/	57
http://theme.wordpress.com/themes/modern-news/	62
http://theme.wordpress.com/themes/spectrum/	63
http://theme.wordpress.com/themes/elemin/	63
http://theme.wordpress.com/themes/choco/	61
http://theme.wordpress.com/themes/portfolio/	62
http://theme.wordpress.com/themes/standard/	64
http://theme.wordpress.com/themes/skeptical/	52
http://theme.wordpress.com/themes/matala/	61
http://theme.wordpress.com/themes/chunk/	56
http://theme.wordpress.com/themes/vertigo/	55
http://theme.wordpress.com/themes/sunspot/	55
http://theme.wordpress.com/themes/shelf/	64
http://theme.wordpress.com/themes/traction/	63
http://theme.wordpress.com/themes/minimum/	62
http://theme.wordpress.com/themes/watson/	53
http://theme.wordpress.com/themes/ever-after/	55
http://theme.wordpress.com/themes/full-frame/	58
http://theme.wordpress.com/themes/elegant-grunge/	64
http://theme.wordpress.com/themes/pretty-young-thing/	64
http://theme.wordpress.com/themes/duet/	59
http://theme.wordpress.com/themes/opti/	58
http://theme.wordpress.com/themes/headlines/	62
http://theme.wordpress.com/themes/adelle/	53
http://theme.wordpress.com/themes/avid/	63
http://theme.wordpress.com/themes/fresh-news/	53
http://theme.wordpress.com/themes/suburbia/	57
http://theme.wordpress.com/themes/quintus/	53
http://theme.wordpress.com/themes/book-lite/	63
http://theme.wordpress.com/themes/parament/	53
http://theme.wordpress.com/themes/organization/	64
http://theme.wordpress.com/themes/anthem/	61
http://theme.wordpress.com/themes/thestyle/	58
http://theme.wordpress.com/themes/piano-black/	55
http://theme.wordpress.com/themes/pink-touch-2/	61
http://theme.wordpress.com/themes/moka/	64
http://theme.wordpress.com/themes/balloons/	64
http://theme.wordpress.com/themes/themorningafter/	63
http://theme.wordpress.com/themes/writr/	63
http://theme.wordpress.com/themes/on-demand/	64
http://theme.wordpress.com/themes/debut/	64
http://theme.wordpress.com/themes/adventure/	63
http://theme.wordpress.com/themes/blogum/	56
http://theme.wordpress.com/themes/yoko/	52
http://theme.wordpress.com/themes/vintage-camera/	53
http://theme.wordpress.com/themes/origin/	64
http://theme.wordpress.com/themes/expound/	64
http://theme.wordpress.com/themes/liquorice/	58
http://theme.wordpress.com/themes/bold-news/	62
http://theme.wordpress.com/themes/bouquet/	62
http://theme.wordpress.com/themes/magazine/	55
http://theme.wordpress.com/themes/lifestyle/	61
http://theme.wordpress.com/themes/autofocus/	63
http://theme.wordpress.com/themes/misty-lake/	53
http://theme.wordpress.com/themes/triton-lite/	52
http://theme.wordpress.com/themes/photography/	53
http://theme.wordpress.com/themes/suits/	60
http://theme.wordpress.com/themes/react/	49
http://theme.wordpress.com/themes/delicacy/	63
http://theme.wordpress.com/themes/sundance/	64
http://theme.wordpress.com/themes/blocco/	58
http://theme.wordpress.com/themes/a-simpler-time/	62
http://theme.wordpress.com/themes/kiore-moana/	52
http://theme.wordpress.com/themes/selecta/	63
http://theme.wordpress.com/themes/nishita/	52
http://theme.wordpress.com/themes/hemingway-rewritten/	62
http://theme.wordpress.com/themes/adventure-journal/	64
http://theme.wordpress.com/themes/confit/	61
http://theme.wordpress.com/themes/fusion/	59
http://theme.wordpress.com/themes/pinboard/	54
http://theme.wordpress.com/themes/vintage-kitchen/	52
http://theme.wordpress.com/themes/forefront/	63
http://theme.wordpress.com/themes/andrea/	56
http://theme.wordpress.com/themes/motif/	57
http://theme.wordpress.com/themes/responsive/	63
http://theme.wordpress.com/themes/thememin/	62
http://theme.wordpress.com/themes/oulipo/	51
http://theme.wordpress.com/themes/luscious/	53
http://theme.wordpress.com/themes/spun/	57
http://theme.wordpress.com/themes/zoren/	64
http://theme.wordpress.com/themes/beach/	61
http://theme.wordpress.com/themes/fruit-shake/	59
http://theme.wordpress.com/themes/untitled/	63
http://theme.wordpress.com/themes/clean-home/	64
http://theme.wordpress.com/themes/visual/	54
http://theme.wordpress.com/themes/blog-simple/	64
http://theme.wordpress.com/themes/mimbopro/	53
http://theme.wordpress.com/themes/crisp/	62
http://theme.wordpress.com/themes/duotone/	61
http://theme.wordpress.com/themes/crafty/	61
http://theme.wordpress.com/themes/sight/	59
http://theme.wordpress.com/themes/brand-new-day/	63
http://theme.wordpress.com/themes/rusty-grunge/	56
http://theme.wordpress.com/themes/newsy/	56
http://theme.wordpress.com/themes/truly-minimal/	56
http://theme.wordpress.com/themes/nuntius/	55
http://theme.wordpress.com/themes/publisher/	64
http://theme.wordpress.com/themes/hatch/	53
http://theme.wordpress.com/themes/imbalance2/	63
http://theme.wordpress.com/themes/p2/	54
http://theme.wordpress.com/themes/nexus/	57
http://theme.wordpress.com/themes/strange-little-town/	58
http://theme.wordpress.com/themes/mh-magazine/	58
http://theme.wordpress.com/themes/blissful-blog/	57
http://theme.wordpress.com/themes/trvl/	64
http://theme.wordpress.com/themes/flounder/	53
http://theme.wordpress.com/themes/newsworthy/	62
http://theme.wordpress.com/themes/sorbet/	53
http://theme.wordpress.com/themes/bold-life/	53
http://theme.wordpress.com/themes/zbench/	59
http://theme.wordpress.com/themes/hero/	63
http://theme.wordpress.com/themes/chalkboard/	54
http://theme.wordpress.com/themes/basis/	64
http://theme.wordpress.com/themes/academica/	54
http://theme.wordpress.com/themes/mixfolio/	62
http://theme.wordpress.com/themes/traveler/	61
http://theme.wordpress.com/themes/snap/	63
http://theme.wordpress.com/themes/bushwick/	63
http://theme.wordpress.com/themes/ideation-and-intent/	53
http://theme.wordpress.com/themes/ubud/	63
http://theme.wordpress.com/themes/mckinley/	55
http://theme.wordpress.com/themes/funki/	60
http://theme.wordpress.com/themes/the-columnist/	58
http://theme.wordpress.com/themes/basic-maths/	56
http://theme.wordpress.com/themes/fontfolio/	57
http://theme.wordpress.com/themes/simfo/	58
http://theme.wordpress.com/themes/pachyderm/	54
http://theme.wordpress.com/themes/comet/	63
http://theme.wordpress.com/themes/infoway/	55
http://theme.wordpress.com/themes/retro-fitted/	51
http://theme.wordpress.com/themes/little-story/	53
http://theme.wordpress.com/themes/something-fishy/	53
http://theme.wordpress.com/themes/on-a-whim/	63
http://theme.wordpress.com/themes/just-desserts/	62
http://theme.wordpress.com/themes/superhero/	52
http://theme.wordpress.com/themes/stay/	61
http://theme.wordpress.com/themes/fiore/	54
http://theme.wordpress.com/themes/singl/	64
http://theme.wordpress.com/themes/syntax/	64
http://theme.wordpress.com/themes/publish/	63
http://theme.wordpress.com/themes/esquire/	63
http://theme.wordpress.com/themes/chapters/	63
http://theme.wordpress.com/themes/studio/	63
http://theme.wordpress.com/themes/blaskan/	63
http://theme.wordpress.com/themes/lens/	63
http://theme.wordpress.com/themes/lovebirds/	63
http://theme.wordpress.com/themes/tonal/	53
http://theme.wordpress.com/themes/broadsheet/	61
http://theme.wordpress.com/themes/grisaille/	64
http://theme.wordpress.com/themes/personal/	64
http://theme.wordpress.com/themes/dynamic-news/	65
http://theme.wordpress.com/themes/skylark/	63
http://theme.wordpress.com/themes/eventbrite-multi/	64
http://theme.wordpress.com/themes/fanwood-light/	55
http://theme.wordpress.com/themes/able/	64
http://theme.wordpress.com/themes/shaan/	61
http://theme.wordpress.com/themes/gridiculous-pro/	57
http://theme.wordpress.com/themes/my-life/	64
http://theme.wordpress.com/themes/highwind/	64
http://theme.wordpress.com/themes/ari/	60
http://theme.wordpress.com/themes/typo/	55
http://theme.wordpress.com/themes/handmade/	52
http://theme.wordpress.com/themes/bromley/	65
http://theme.wordpress.com/themes/widely/	53
http://theme.wordpress.com/themes/bon-vivant/	54
http://theme.wordpress.com/themes/san-kloud/	61
http://theme.wordpress.com/themes/gallery/	61
http://theme.wordpress.com/themes/currents/	63
http://theme.wordpress.com/themes/hum/	64
http://theme.wordpress.com/themes/yumblog/	66
http://theme.wordpress.com/themes/shine-on/	64
http://theme.wordpress.com/themes/monster/	64
http://theme.wordpress.com/themes/flora-and-fauna/	64
http://theme.wordpress.com/themes/sidekick/	64
http://theme.wordpress.com/themes/gigawatt/	64
http://theme.wordpress.com/themes/vagabond/	64
http://theme.wordpress.com/themes/minimalizine/	53
http://theme.wordpress.com/themes/delight/	63
http://theme.wordpress.com/themes/petite-melodies/	63
http://theme.wordpress.com/themes/illustratr/	65
http://theme.wordpress.com/themes/babylog/	64
http://theme.wordpress.com/themes/fictive/	55
http://theme.wordpress.com/themes/massive-press/	54
http://theme.wordpress.com/themes/awesome/	63
http://theme.wordpress.com/themes/outspoken/	53
http://theme.wordpress.com/themes/ascetica/	56
http://theme.wordpress.com/themes/scrollider-express/	64
http://theme.wordpress.com/themes/partner-mlb-fan/	54
http://theme.wordpress.com/themes/the-great-adventure/	53
http://theme.wordpress.com/themes/sempress/	65
http://theme.wordpress.com/themes/hexa/	59
http://theme.wordpress.com/themes/the-writer/	64
http://theme.wordpress.com/themes/cheer/	63
http://theme.wordpress.com/themes/photolia/	52
http://theme.wordpress.com/themes/runo-lite/	67
http://theme.wordpress.com/themes/inspiration-laboratory/	68
http://theme.wordpress.com/themes/eventbrite-single/	65
http://theme.wordpress.com/themes/ampersand/	64
http://theme.wordpress.com/themes/next-saturday/	61
http://theme.wordpress.com/themes/retro-mac-os/	61
http://theme.wordpress.com/themes/collections/	64
http://theme.wordpress.com/themes/silesia/	64
http://theme.wordpress.com/themes/isca/	61
http://theme.wordpress.com/themes/panel/	52
http://theme.wordpress.com/themes/wire/	58
http://theme.wordpress.com/themes/poly/	64
http://theme.wordpress.com/themes/bonpress/	64
http://theme.wordpress.com/themes/kent/	65
http://theme.wordpress.com/themes/vision/	64
http://theme.wordpress.com/themes/sixteen-nine/	59
http://theme.wordpress.com/themes/circa/	64
http://theme.wordpress.com/themes/sandbox-162/	55
http://theme.wordpress.com/themes/partner-mlb-modern/	59
http://theme.wordpress.com/themes/hustle-express/	64
http://theme.wordpress.com/themes/eight/	53
http://theme.wordpress.com/themes/espied/	53
http://theme.wordpress.com/themes/timepiece/	63
http://theme.wordpress.com/themes/nurture/	56
http://theme.wordpress.com/themes/bridger/	59
http://theme.wordpress.com/themes/partner-mlb-retro/	64
http://theme.wordpress.com/themes/chalk/	61
http://theme.wordpress.com/themes/axon/	64
http://theme.wordpress.com/themes/bloggy/	59
http://theme.wordpress.com/themes/sweet-life/	64
http://theme.wordpress.com/themes/the-parisian/	63
http://theme.wordpress.com/themes/quadra/	64
http://theme.wordpress.com/themes/mayer/	64
http://theme.wordpress.com/themes/bexley/	53
http://theme.wordpress.com/themes/collective/	55
http://theme.wordpress.com/themes/everyday/	57
http://theme.wordpress.com/themes/magnate-express/	64
http://theme.wordpress.com/themes/tuned-balloon/	64
http://theme.wordpress.com/themes/spirit/	57
http://theme.wordpress.com/themes/pictorico/	64
http://theme.wordpress.com/themes/worldview/	63
http://theme.wordpress.com/themes/designfolio/	63
http://theme.wordpress.com/themes/wedding/	54
http://theme.wordpress.com/themes/alto/	61
http://theme.wordpress.com/themes/mina-olen/	63
http://theme.wordpress.com/themes/oslo/	50
